-- phpMyAdmin SQL Dump
-- version 5.0.2
-- https://www.phpmyadmin.net/
--
-- Host: 127.0.0.1
-- Generation Time: Nov 16, 2021 at 08:30 AM
-- Server version: 10.4.11-MariaDB
-- PHP Version: 7.4.6

SET SQL_MODE = "NO_AUTO_VALUE_ON_ZERO";
START TRANSACTION;
SET time_zone = "+00:00";


/*!40101 SET @OLD_CHARACTER_SET_CLIENT=@@CHARACTER_SET_CLIENT */;
/*!40101 SET @OLD_CHARACTER_SET_RESULTS=@@CHARACTER_SET_RESULTS */;
/*!40101 SET @OLD_COLLATION_CONNECTION=@@COLLATION_CONNECTION */;
/*!40101 SET NAMES utf8mb4 */;

--
-- Database: `cursdb`
--

-- --------------------------------------------------------

--
-- Table structure for table `address`
--

CREATE TABLE `address` (
  `AddressID` int(10) UNSIGNED NOT NULL,
  `CustomerID` int(10) UNSIGNED NOT NULL,
  `AddressDetails` varchar(128) NOT NULL,
  `AddressCity` varchar(32) NOT NULL
) ENGINE=InnoDB DEFAULT CHARSET=utf8mb4;

--
-- Dumping data for table `address`
--

INSERT INTO `address` (`AddressID`, `CustomerID`, `AddressDetails`, `AddressCity`) VALUES
(1, 1, 'str. Gari, nr.1', 'Brasov'),
(2, 5, 'str. Magnoliei , nr.5', 'Calarasi'),
(3, 4, 'strada Noua 54', 'Satu Mare'),
(4, 3, 'Galaxiei 1', 'Cluj-Napoca'),
(5, 2, 'str. 1 Mai, nr.54', 'Constranta'),
(6, 2, 'str. Republicii, nr.2', 'Constanta'),
(7, 1, 'Albinii 24', 'Brasov');

-- --------------------------------------------------------

--
-- Table structure for table `customer`
--

CREATE TABLE `customer` (
  `CustomerID` int(10) UNSIGNED NOT NULL,
  `CustomerName` varchar(32) NOT NULL,
  `CustomerSurname` varchar(32) NOT NULL,
  `CustomerAge` int(11) NOT NULL
) ENGINE=InnoDB DEFAULT CHARSET=utf8mb4;

--
-- Dumping data for table `customer`
--

INSERT INTO `customer` (`CustomerID`, `CustomerName`, `CustomerSurname`, `CustomerAge`) VALUES
(1, 'Radu', 'Popescu', 20),
(2, 'Alina', 'Popa', 25),
(3, 'Alin', 'Pop', 35),
(4, 'Maria', 'Petre', 45),
(5, 'Paul', 'Plesa', 25),
(6, 'Mihai', 'Enciu', 28);

-- --------------------------------------------------------

--
-- Table structure for table `order`
--

CREATE TABLE `order` (
  `OrderID` int(10) UNSIGNED NOT NULL,
  `CustomerID` int(10) UNSIGNED NOT NULL,
  `AddressID` int(10) UNSIGNED NOT NULL
) ENGINE=InnoDB DEFAULT CHARSET=utf8mb4;

--
-- Dumping data for table `order`
--

INSERT INTO `order` (`OrderID`, `CustomerID`, `AddressID`) VALUES
(1, 1, 1),
(2, 2, 6),
(3, 3, 4);

-- --------------------------------------------------------

--
-- Table structure for table `order_item`
--

CREATE TABLE `order_item` (
  `OrderItemID` int(11) UNSIGNED NOT NULL,
  `OrderID` int(11) DEFAULT NULL,
  `ProductID` int(11) DEFAULT NULL,
  `OrderItemQuantity` int(11) DEFAULT NULL
) ENGINE=InnoDB DEFAULT CHARSET=utf8mb4;

--
-- Dumping data for table `order_item`
--

INSERT INTO `order_item` (`OrderItemID`, `OrderID`, `ProductID`, `OrderItemQuantity`) VALUES
(1, 1, 1, 2),
(2, 2, 2, 2),
(3, 2, 3, 1),
(4, 3, 4, 1),
(5, 3, 5, 1);

-- --------------------------------------------------------

--
-- Table structure for table `product`
--

CREATE TABLE `product` (
  `ProductID` int(10) UNSIGNED NOT NULL,
  `ProductName` varchar(64) DEFAULT NULL,
  `ProductPrice` float DEFAULT NULL
) ENGINE=InnoDB DEFAULT CHARSET=utf8mb4;

--
-- Dumping data for table `product`
--

INSERT INTO `product` (`ProductID`, `ProductName`, `ProductPrice`) VALUES
(1, 'Laptop Toshiba', 1250.99),
(2, 'Mouse MS', 50),
(3, 'Cana alba', 25),
(4, 'Tastatura Verde', 87),
(5, 'Imprimanta HP', 245.5),
(6, 'Microfon HIFI', 187.5);

--
-- Indexes for dumped tables
--

--
-- Indexes for table `address`
--
ALTER TABLE `address`
  ADD PRIMARY KEY (`AddressID`);

--
-- Indexes for table `customer`
--
ALTER TABLE `customer`
  ADD PRIMARY KEY (`CustomerID`);

--
-- Indexes for table `order`
--
ALTER TABLE `order`
  ADD PRIMARY KEY (`OrderID`);

--
-- Indexes for table `order_item`
--
ALTER TABLE `order_item`
  ADD PRIMARY KEY (`OrderItemID`);

--
-- Indexes for table `product`
--
ALTER TABLE `product`
  ADD PRIMARY KEY (`ProductID`);

--
-- AUTO_INCREMENT for dumped tables
--

--
-- AUTO_INCREMENT for table `address`
--
ALTER TABLE `address`
  MODIFY `AddressID` int(10) UNSIGNED NOT NULL AUTO_INCREMENT, AUTO_INCREMENT=8;

--
-- AUTO_INCREMENT for table `customer`
--
ALTER TABLE `customer`
  MODIFY `CustomerID` int(10) UNSIGNED NOT NULL AUTO_INCREMENT, AUTO_INCREMENT=7;

--
-- AUTO_INCREMENT for table `order`
--
ALTER TABLE `order`
  MODIFY `OrderID` int(10) UNSIGNED NOT NULL AUTO_INCREMENT, AUTO_INCREMENT=4;

--
-- AUTO_INCREMENT for table `order_item`
--
ALTER TABLE `order_item`
  MODIFY `OrderItemID` int(11) UNSIGNED NOT NULL AUTO_INCREMENT, AUTO_INCREMENT=6;

--
-- AUTO_INCREMENT for table `product`
--
ALTER TABLE `product`
  MODIFY `ProductID` int(10) UNSIGNED NOT NULL AUTO_INCREMENT, AUTO_INCREMENT=7;
COMMIT;

/*!40101 SET CHARACTER_SET_CLIENT=@OLD_CHARACTER_SET_CLIENT */;
/*!40101 SET CHARACTER_SET_RESULTS=@OLD_CHARACTER_SET_RESULTS */;
/*!40101 SET COLLATION_CONNECTION=@OLD_COLLATION_CONNECTION */;
